Dist,2025 Incumbent,Party,District description,2025 PVI,"2025 PVI Rank
Sortable",
AL-01,Barry Moore,R,"Parts of Mobile and the Wiregrass: Baldwin County, Dothan",R+27,431,
AL-02,Shomari Figures,D,"South: Montgomery, parts of Mobile, Tuskegee",D+5,162,
AL-03,Mike Rogers,R,"East central: Auburn, Talladega, Anniston, Gadsden",R+23,419,
AL-04,Robert Aderholt,R,"North central: Cullman, Fort Payne, Muscle Shoals",R+33,435,
AL-05,Dale Strong,R,"North: Huntsville, Decatur",R+15,358,
AL-06,Gary Palmer,R,"Birmingham and Montgomery suburbs: Mountain Brook, Prattville",R+20,401,
AL-07,Terri Sewell,D,"West central: Birmingham, Tuscaloosa, Selma",D+13,100,
AK-AL,Nick Begich,R,Entire state,R+6,261,
AZ-01,David Schweikert,R,Scottsdale and North Phoenix,R+1,222,
AZ-02,Eli Crane,R,"North: Flagstaff, Navajo Nation, Prescott",R+7,265,
AZ-03,Yassamin Ansari,D,Phoenix and part of Glendale,D+22,47,
AZ-04,Greg Stanton,D,"Tempe, parts of Mesa and Chandler",D+4,174,
AZ-05,Andy Biggs,R,"East Valley: parts of Mesa, Gilbert, Apache Junction",R+10,300,
AZ-06,Juan Ciscomani,R,"Southeast: parts of Tucson, Casa Grande",EVEN,215,
AZ-07,Raúl Grijalva,D,South: parts of Tucson and Yuma,D+13,104,
AZ-08,Abe Hamadeh,R,"West Valley: Sun City, Peoria",R+8,281,
AZ-09,Paul Gosar,R,"West: Surprise, Buckeye, Lake Havasu City",R+15,364,
AR-01,Rick Crawford,R,"Northeast: Jonesboro, Arkansas Delta",R+23,418,
AR-02,French Hill,R,"Central: Little Rock, Conway",R+8,276,
AR-03,Steve Womack,R,"Northwest: Fayetteville, Springdale",R+13,341,
AR-04,Bruce Westerman,R,"South: Pine Bluff, Hot Springs",R+20,402,
CA-01,Doug LaMalfa,R,"North State: Chico, Redding, Susanville",R+12,339,
CA-02,Jared Huffman,D,"Northern coast: Marin County, Mendocino",D+24,36,
CA-03,Kevin Kiley,R,"North central: Sacramento exurbs, Lake Tahoe",R+2,224,
CA-04,Mike Thompson,D,"Santa Rosa, Napa, Davis",D+17,84,
CA-05,Tom McClintock,R,"Western Sierras: parts of Modesto, Fresno",R+8,287,
CA-06,Ami Bera,D,Northern Sacramento County: Rancho Cordova,D+8,143,
CA-07,Doris Matsui,D,"Central Sacramento, Elk Grove",D+16,87,
CA-08,John Garamendi,D,"Bay Area: Richmond, Vallejo, Fairfield",D+24,37,
CA-09,Josh Harder,D,"San Joaquin County: Stockton, Tracy",D+1,205,
CA-10,Mark DeSaulnier,D,East Bay: most of Contra Costa County,D+18,71,
CA-11,Nancy Pelosi,D,Most of San Francisco,D+36,6,
CA-12,Lateefah Simon,D,"East Bay: Oakland, Berkeley",D+39,2,
CA-13,Adam Gray,D,"Central Valley: Modesto, Merced, Madera",R+1,220,
CA-14,Eric Swalwell,D,"East Bay: Hayward, Fremont",D+20,59,
CA-15,Kevin Mullin,D,Bay Area: most of San Mateo County,D+26,26,
CA-16,Sam Liccardo,D,"Silicon Valley: Palo Alto, Mountain View",D+26,27,
CA-17,Ro Khanna,D,"South Bay: Milpitas, Santa Clara, Cupertino",D+21,52,
CA-18,Zoe Lofgren,D,"Parts of San Jose, Salinas, Watsonville",D+17,81,
CA-19,Jimmy Panetta,D,"Central Coast: Monterey, Santa Cruz",D+18,70,
CA-20,Vince Fong,R,"Central Valley: parts of Bakersfield, Clovis",R+15,360,
CA-21,Jim Costa,D,"Central Valley: Fresno, Visalia",D+4,173,
CA-22,David Valadao,R,"Central Valley: parts of Bakersfield, Hanford",R+1,218,
CA-23,Jay Obernolte,R,"San Bernardino County: Victorville, Hesperia",R+8,278,
CA-24,Salud Carbajal,D,"Central Coast: Santa Barbara, San Luis Obispo",D+13,94,
CA-25,Raul Ruiz,D,"Inland Empire: Hemet, Indio",D+3,186,
CA-26,Julia Brownley,D,"Ventura County: Oxnard, Thousand Oaks",D+8,144,
CA-27,George Whitesides,D,"Northern LA County: Santa Clarita, Lancaster, Palmdale",D+3,184,
CA-28,Judy Chu,D,"San Gabriel Valley: Pasadena, Alhambra, Claremont",D+15,92,
CA-29,Luz Rivas,D,"San Fernando Valley: San Fernando, Van Nuys",D+20,57,
CA-30,Laura Friedman,D,"LA suburbs: Glendale, Burbank, West Hollywood",D+22,44,
CA-31,Gil Cisneros,D,"San Gabriel Valley: El Monte, West Covina",D+10,127,
CA-32,Brad Sherman,D,"San Fernando Valley: Sherman Oaks, Malibu",D+17,79,
CA-33,Pete Aguilar,D,"Inland Empire: San Bernardino, Rialto, Colton",D+7,149,
CA-34,Jimmy Gomez,D,Central Los Angeles,D+28,18,
CA-35,Norma Torres,D,"Inland Empire: Ontario, Pomona, Fontana",D+8,146,
CA-36,Ted Lieu,D,"South Bay LA: Torrance, Santa Monica, Venice",D+21,54,
CA-37,Sydney Kamlager-Dove,D,"Los Angeles: Leimert Park, Culver City",D+33,10,
CA-38,Linda Sánchez,D,"LA suburbs: Norwalk, Whittier, Pico Rivera",D+10,129,
CA-39,Mark Takano,D,"Riverside County: Riverside, Moreno Valley, Perris",D+7,147,
CA-40,Young Kim,R,"Inland Orange County: Yorba Linda, Mission Viejo",R+1,219,
CA-41,Ken Calvert,R,"Riverside County: Corona, Menifee, Palm Desert",R+2,229,
CA-42,Robert Garcia,D,"Long Beach, Downey, Huntington Park",D+18,68,
CA-43,Maxine Waters,D,"LA suburbs: Inglewood, Hawthorne, Compton",D+27,23,
CA-44,Nanette Barragan,D,"Port of Los Angeles: San Pedro, Carson",D+19,61,
CA-45,Derek Tran,D,"Orange County: Westminster, Garden Grove, Fullerton",D+1,202,
CA-46,Lou Correa,D,"Central Orange County: Santa Ana, Anaheim",D+11,123,
CA-47,Dave Min,D,"Orange County: Irvine, Huntington Beach, Newport Beach",D+3,185,
CA-48,Darrell Issa,R,"Inland San Diego County: Poway, Temecula",R+7,273,
CA-49,Mike Levin,D,"Northern San Diego County: Oceanside, Encinitas",D+4,165,
CA-50,Scott Peters,D,"Downtown San Diego, La Jolla",D+16,88,
CA-51,Sara Jacobs,D,"San Diego suburbs: Lemon Grove, El Cajon",D+13,103,
CA-52,Juan Vargas,D,"Parts of San Diego: Chula Vista, National City",D+13,98,
CO-01,Diana DeGette,D,Denver,D+29,16,
CO-02,Joe Neguse,D,"Boulder, Fort Collins",D+20,56,
CO-03,Jeff Hurd,R,"Grand Junction, Pueblo",R+5,245,
CO-04,Lauren Boebert,R,"Eastern Plains, south Denver suburbs",R+9,295,
CO-05,Jeff Crank,R,Colorado Springs,R+5,246,
CO-06,Jason Crow,D,"East Denver suburbs, Aurora",D+11,124,
CO-07,Brittany Pettersen,D,West Denver suburbs,D+8,145,
CO-08,Gabe Evans,R,"North Denver suburbs, Greeley",EVEN,213,
CT-01,John B. Larson,D,"Central: Hartford, Bristol",D+12,109,
CT-02,Joe Courtney,D,"East: New London, Norwich, Mansfield",D+4,167,
CT-03,Rosa DeLauro,D,"South central: New Haven, Wallingford",D+8,141,
CT-04,Jim Himes,D,"Southwest: Greenwich, Bridgeport, Stamford",D+13,99,
CT-05,Jahana Hayes,D,"Northwest: New Britain, Danbury, Waterbury, Meriden",D+3,176,
DE-AL,Sarah McBride,D,Entire state,D+8,139,
FL-01,Matt Gaetz,R,"Western Panhandle: Pensacola, Destin",R+18,393,
FL-02,Neal Dunn,R,"Panhandle: Tallahassee, Panama City",R+8,283,
FL-03,Kat Cammack,R,"North central: Gainesville, Ocala",R+10,301,
FL-04,Aaron Bean,R,"Parts of Jacksonville, Orange Park, Fernandina Beach",R+5,249,
FL-05,John Rutherford,R,"Parts of Jacksonville, Jacksonville Beach, St. Augustine",R+10,306,
FL-06,Michael Waltz,R,"Northern Atlantic coast: Daytona Beach, Palm Coast",R+14,356,
FL-07,Cory Mills,R,"Orlando suburbs: Seminole County, New Smyrna Beach",R+5,253,
FL-08,Mike Haridopolos,R,"Space Coast: Melbourne, Vero Beach",R+11,317,
FL-09,Darren Soto,D,"Orlando suburbs: Kissimmee, St. Cloud",D+4,175,
FL-10,Maxwell Frost,D,Most of Orlando,D+13,102,
FL-11,Daniel Webster,R,"North central: Clermont, The Villages",R+8,275,
FL-12,Gus Bilirakis,R,"West central Gulf Coast: New Port Richey, Spring Hill",R+17,382,
FL-13,Anna Paulina Luna,R,"Pinellas County: parts of St. Petersburg, Clearwater",R+5,250,
FL-14,Kathy Castor,D,"Tampa Bay: most of Tampa, parts of St. Petersburg",D+5,159,
FL-15,Laurel Lee,R,"Tampa suburbs: Temple Terrace, Plant City, Zephyrhills",R+5,244,
FL-16,Vern Buchanan,R,"Tampa suburbs: Bradenton, Brandon",R+7,269,
FL-17,Greg Steube,R,"Southwest Gulf Coast: Sarasota, Port Charlotte",R+11,323,
FL-18,Scott Franklin,R,"South central: Winter Haven, Sebring",R+14,352,
FL-19,Byron Donalds,R,"Southwest Gulf Coast: Ft. Myers, Naples",R+14,348,
FL-20,Sheila Cherfilus-McCormick,D,Southeast: parts of Ft. Lauderdale and West Palm Beach,D+22,46,
FL-21,Brian Mast,R,"Treasure Coast: Port St. Lucie, Ft. Pierce, Jupiter",R+7,272,
FL-22,Lois Frankel,D,"Palm Beach County: Boynton Beach, Delray Beach",D+4,170,
FL-23,Jared Moskowitz,D,"Southeast: Boca Raton, Coral Springs",D+2,192,
FL-24,Frederica Wilson,D,"Southeast: North Miami, Little Haiti, Miami Beach",D+18,76,
FL-25,Debbie Wasserman Schultz,D,"Southern Broward County: Hollywood, Weston",D+5,164,
FL-26,Mario Díaz-Balart,R,"Southeast: Hialeah, Doral, Naples suburbs",R+16,369,
FL-27,Maria Elvira Salazar,R,"Miami-Dade County: Little Havana, Coral Gables, Kendall",R+6,255,
FL-28,Carlos A. Giménez,R,"Miami suburbs: Tamiami, Homestead, the Keys",R+10,312,
GA-01,Buddy Carter,R,"Coastal Georgia: Savannah, Brunswick, Waycross",R+8,277,
GA-02,Sanford Bishop,D,"Southwest: Albany, Columbus, Macon",D+4,171,
GA-03,Brian Jack,R,"West central: Peachtree City, Carrollton, LaGrange",R+15,366,
GA-04,Hank Johnson,D,"DeKalb County: Lithonia, Stone Mountain, Duluth",D+27,21,
GA-05,Nikema Williams,D,"Downtown Atlanta, Decatur",D+36,5,
GA-06,Lucy McBath,D,"Western Atlanta suburbs: Mableton, Smyrna, South Fulton",D+25,30,
GA-07,Rich McCormick,R,"Northern Atlanta suburbs: Roswell, Alpharetta, Dahlonega",R+11,319,
GA-08,Austin Scott,R,"South central: Valdosta, Moultrie, Milledgeville",R+15,365,
GA-09,Andrew Clyde,R,"Northeast: Gainesville, Suwanee",R+17,383,
GA-10,Mike Collins,R,"North central: Athens, McDonough",R+11,316,
GA-11,Barry Loudermilk,R,"Northwest Atlanta suburbs: Marietta, Cartersville",R+12,334,
GA-12,Rick Allen,R,"East central: Augusta, Statesboro, Vidalia",R+7,262,
GA-13,David Scott,D,"Southeast Atlanta suburbs: Stockbridge, Conyers, Snellville",D+21,50,
GA-14,Marjorie Taylor Greene,R,"Northwest: Rome, Dalton, Chattanooga suburbs",R+19,396,
HI-01,Ed Case,D,Oahu: Honolulu,D+13,96,
HI-02,Jill Tokuda,D,"Parts of Oahu and all ""Neighbor Islands""",D+12,114,
ID-01,Russ Fulcher,R,"West: Northern Panhandle, Boise suburbs",R+22,415,
ID-02,Mike Simpson,R,"East: Boise, Pocatello, Idaho Falls",R+13,344,
IL-01,Jonathan Jackson,D,"South Side Chicago: Hyde Park, New Lenox",D+18,75,
IL-02,Robin Kelly,D,"South Side Chicago, Kankakee, Danville",D+18,74,
IL-03,Delia Ramirez,D,"Chicago northwest side: Humboldt Park, West Chicago",D+17,80,
IL-04,Chuy García,D,"Chicago southwest side: Pilsen, Cicero",D+17,85,
IL-05,Mike Quigley,D,"North side of Chicago: Lincoln Park, Barrington",D+19,62,
IL-06,Sean Casten,D,"Southwest Chicago suburbs: Oak Lawn, Downers Grove",D+3,178,
IL-07,Danny Davis,D,"Chicago Loop and West Side: Austin, Oak Park",D+34,7,
IL-08,Raja Krishnamoorthi,D,"Northwest Chicago suburbs: Schaumburg, Elgin",D+5,163,
IL-09,Jan Schakowsky,D,"Chicago north suburbs: Evanston, Glenview",D+19,63,
IL-10,Brad Schneider,D,"Northeast: Highland Park, Waukegan",D+12,116,
IL-11,Bill Foster,D,"Chicago exurbs: Aurora, Naperville, Bolingbrook",D+6,151,
IL-12,Mike Bost,R,"South: Effingham, Carbondale",R+22,413,
IL-13,Nikki Budzinski,D,"South central: East St. Louis, Springfield, Champaign",D+5,158,
IL-14,Lauren Underwood,D,"Chicago exurbs: Joliet, DeKalb",D+3,180,
IL-15,Mary Miller,R,"Metro East: St. Louis suburbs, Quincy",R+20,404,
IL-16,Darin LaHood,R,"North central: suburbs of Peoria, Rockford, Bloomington",R+11,330,
IL-17,Eric Sorensen,D,"Northwest: Rock Island, Rockford, Peoria",D+3,188,
IN-01,Frank J. Mrvan,D,"Northwest: Gary, Hammond",D+1,204,
IN-02,Rudy Yakym,R,"North: South Bend, Elkhart",R+13,342,
IN-03,Marlin Stutzman,R,Northeast: Fort Wayne,R+16,371,
IN-04,Jim Baird,R,"West central: Lafayette, Zionsville",R+15,363,
IN-05,Victoria Spartz,R,"Northern Indianapolis suburbs, Kokomo",R+8,288,
IN-06,Jefferson Shreve,R,"East central: New Castle, Columbus",R+16,377,
IN-07,André Carson,D,Indianapolis,D+21,49,
IN-08,Mark Messmer,R,"Southwest: Evansville, Terre Haute",R+18,388,
IN-09,Erin Houchin,R,"Southeast: Jeffersonville, Bloomington",R+15,361,
IA-01,Mariannette Miller-Meeks,R,"Southeast: Davenport, Iowa City",R+4,238,
IA-02,Ashley Hinson,R,"Northeast: Cedar Rapids, Dubuque",R+4,243,
IA-03,Zach Nunn,R,"South central: Des Moines, Ottumwa",R+2,225,
IA-04,Randy Feenstra,R,"West: Sioux City, Council Bluffs, Ames",R+15,368,
KS-01,Tracey Mann,R,"West: Garden City, Hutchinson, Lawrence",R+16,372,
KS-02,Derek Schmidt,R,"East and southeast: Topeka, Kansas City, Pittsburg",R+10,299,
KS-03,Sharice Davids,D,"Kansas City suburbs: Overland Park, Olathe",D+2,195,
KS-04,Ron Estes,R,"South central: Wichita, El Dorado",R+12,333,
KY-01,James Comer,R,"West and central: Paducah, Frankfort",R+23,423,
KY-02,Brett Guthrie,R,"West central: Bowling Green, Owensboro",R+20,405,
KY-03,Morgan McGarvey,D,Louisville and inner suburbs,D+10,130,
KY-04,Thomas Massie,R,"North: Covington, Newport, Maysville",R+18,386,
KY-05,Hal Rogers,R,"East: Ashland, Pikeville, Somerset",R+32,434,
KY-06,Andy Barr,R,"Central: Lexington, Richmond, Georgetown",R+7,271,
LA-01,Steve Scalise,R,Southeast: New Orleans suburbs,R+19,399,
LA-02,Troy Carter,D,"Most of New Orleans, Gonzales",D+17,86,
LA-03,Clay Higgins,R,"Gulf Coast: Lake Charles, New Iberia, Houma",R+22,417,
LA-04,Mike Johnson,R,"Northwest: Shreveport suburbs, Ruston, Leesville",R+26,428,
LA-05,Julia Letlow,R,"Northeast and ""Florida Parishes:"" Monroe, Baton Rouge suburbs",R+18,391,
LA-06,Cleo Fields,D,"North central: parts of Baton Rouge, Shreveport, Alexandria",D+8,138,
ME-01,Chellie Pingree,D,"South: Portland, Brunswick",D+11,118,
ME-02,Jared Golden,D,"North: Bangor, Lewiston, ""Down East""",R+4,241,
MD-01,Andy Harris,R,"Eastern Shore, Harford County",R+8,286,
MD-02,Johnny Olszewski,D,"Baltimore suburbs: Towson, Owings Mills",D+10,132,
MD-03,Sarah Elfreth,D,"DC/Baltimore suburbs: Columbia, Glen Burnie, Annapolis",D+12,106,
MD-04,Glenn Ivey,D,DC suburbs: Most of Prince George's County,D+39,4,
MD-05,Steny Hoyer,D,"South: Waldorf, Bowie, La Plata",D+17,78,
MD-06,April McClain Delaney,D,"West: Frederick, Hagerstown, Gaithersburg",D+3,177,
MD-07,Kweisi Mfume,D,Baltimore and inner suburbs,D+31,14,
MD-08,Jamie Raskin,D,"DC suburbs: Rockville, Bethesda, Silver Spring",D+30,15,
MA-01,Richard Neal,D,"West: Springfield, the Berkshires",D+8,140,
MA-02,Jim McGovern,D,"West central: Worcester, Northampton",D+13,97,
MA-03,Lori Trahan,D,"Northeast: Lowell, Lawrence",D+11,122,
MA-04,Jake Auchincloss,D,"Southeast: Newton, Brookline, Fall River",D+11,119,
MA-05,Katherine Clark,D,"Boston suburbs: Arlington, Watertown",D+24,35,
MA-06,Seth Moulton,D,"Northeast: Lynn, Salem, Beverly",D+11,117,
MA-07,Ayanna Pressley,D,"Most of Boston, Somerville, Cambridge",D+34,8,
MA-08,Stephen Lynch,D,"South Boston, Quincy, Braintree",D+15,93,
MA-09,Bill Keating,D,"Southeast: Cape Cod, New Bedford, Plymouth",D+6,150,
MI-01,Jack Bergman,R,"North: Upper Peninsula, Traverse City",R+11,315,
MI-02,John Moolenaar,R,"West central: Manistee, Mount Pleasant",R+15,367,
MI-03,Hillary Scholten,D,"West: Grand Rapids, Muskegon",D+4,172,
MI-04,Bill Huizenga,R,"West: Holland, Kalamazoo",R+3,231,
MI-05,Tim Walberg,R,"South: Jackson, Monroe, Three Rivers",R+13,345,
MI-06,Debbie Dingell,D,"Southeast: Ann Arbor, Canton, Ypsilanti",D+12,108,
MI-07,Tom Barrett,R,"Central: Lansing, Howell",EVEN,216,
MI-08,Kristen McDonald Rivet,D,"East central: Flint, Saginaw, Bay Cities",R+1,217,
MI-09,Lisa McClain,R,"The Thumb: Port Huron, Detroit exurbs",R+16,373,
MI-10,John James,R,"Macomb County: Warren, Sterling Heights",R+3,233,
MI-11,Haley Stevens,D,"Oakland County: Royal Oak, Pontiac",D+9,136,
MI-12,Rashida Tlaib,D,"Detroit area: Dearborn, Southfield",D+21,51,
MI-13,Shri Thanedar,D,"Most of Detroit, Romulus, Taylor",D+22,43,
MN-01,Brad Finstad,R,"South: Mankato, Rochester",R+6,258,
MN-02,Angie Craig,D,"South Twin Cities suburbs: Eagan, Northfield",D+3,182,
MN-03,Kelly Morrison,D,"Minneapolis suburbs: Maple Grove, Minnetonka",D+11,121,
MN-04,Betty McCollum,D,"St. Paul, Stillwater",D+18,69,
MN-05,Ilhan Omar,D,Minneapolis and inner suburbs,D+32,13,
MN-06,Tom Emmer,R,"Central: St. Cloud, Twin Cities exurbs",R+10,302,
MN-07,Michelle Fischbach,R,"Northwest: Moorhead, Fergus Falls, Willmar",R+18,392,
MN-08,Pete Stauber,R,"Iron Range: Duluth, Brainerd, Bemidji",R+7,268,
MS-01,Trent Kelly,R,"Northeast: Tupelo, Memphis suburbs",R+18,390,
MS-02,Bennie Thompson,D,"Mississippi Delta: Jackson, Greenville, Natchez",D+11,120,
MS-03,Michael Guest,R,"East central: Jackson suburbs, Meridian",R+14,354,
MS-04,Mike Ezell,R,"South: Hattiesburg, Gulfport, Biloxi",R+21,407,
MO-01,Wesley Bell,D,St. Louis and northern suburbs,D+29,17,
MO-02,Ann Wagner,R,"St. Louis suburbs: Chesterfield, Franklin County",R+4,239,
MO-03,Bob Onder,R,"East central: Jefferson City, St. Charles",R+13,346,
MO-04,Mark Alford,R,"West central: Belton, part of Columbia",R+21,409,
MO-05,Emanuel Cleaver,D,Kansas City and northern suburbs,D+12,111,
MO-06,Sam Graves,R,"North: Kansas City suburbs, St. Joseph, Hannibal",R+19,400,
MO-07,Eric Burlison,R,"Southwest: Springfield, Joplin, Branson",R+21,411,
MO-08,Jason Smith,R,"Southeast: Cape Girardeau, Poplar Bluff, Rolla",R+27,429,
MT-01,Ryan Zinke,R,"West: Missoula, Bozeman, Kalispell",R+5,251,
MT-02,Troy Downing,R,"East: Billings, Great Falls, Helena",R+15,362,
NE-01,Mike Flood,R,"East: Lincoln, Norfolk",R+6,260,
NE-02,Don Bacon,R,Omaha and suburbs,D+3,189,
NE-03,Adrian Smith,R,"West: Grand Island, Scotts Bluff",R+27,430,
NV-01,Dina Titus,D,"Parts of Las Vegas, Henderson, Boulder City",D+2,197,
NV-02,Mark Amodei,R,"North: Reno, Elko, Carson City",R+7,266,
NV-03,Susie Lee,D,"Parts of Las Vegas, Summerlin",D+1,207,
NV-04,Steven Horsford,D,"North Las Vegas, southern ""Cow Counties""",D+2,198,
NH-01,Chris Pappas,D,"East: Manchester, Portsmouth, Laconia",D+2,200,
NH-02,Maggie Goodlander,D,"North and west: Nashua, Concord, Keene",D+2,190,
NJ-01,Donald Norcross,D,"Southwest: Camden, Cherry Hill, Glassboro",D+10,128,
NJ-02,Jeff Van Drew,R,"South: Atlantic City, Cape May, Vineland",R+5,252,
NJ-03,Herb Conaway,D,"South central: Burlington, Hamilton, Freehold",D+5,160,
NJ-04,Chris Smith,R,"South central: most of Ocean County, Point Pleasant",R+14,355,
NJ-05,Josh Gottheimer,D,Northeast: most of Bergen County,D+2,194,
NJ-06,Frank Pallone,D,"Central: New Brunswick, Old Bridge, Asbury Park",D+5,161,
NJ-07,Thomas Kean Jr.,R,"North central: Westfield, Bridgewater, Hunterdon County",EVEN,212,
NJ-08,Rob Menendez,D,"Northeast: Jersey City, Union City, Elizabeth",D+15,90,
NJ-09,Nellie Pou,D,"Northeast: Paterson, Passaic, Clifton",D+2,196,
NJ-10,LaMonica McIver,D,"Northeast: Newark, East Orange, West Orange",D+27,20,
NJ-11,Mikie Sherrill,D,"North: most of Morris County, Montclair, Maplewood",D+5,157,
NJ-12,Bonnie Watson Coleman,D,"Central: Trenton, Princeton, Plainfield",D+13,105,
NM-01,Melanie Stansbury,D,"Albuquerque and suburbs, Roswell",D+7,148,
NM-02,Gabe Vasquez,D,"Las Cruces, west side of Albuquerque, Carlsbad",EVEN,211,
NM-03,Teresa Leger Fernandez,D,"North: Santa Fe, Farmington, Clovis",D+3,181,
NY-01,Nick LaLota,R,"Long Island North Shore: Riverhead, Smithtown, the Hamptons",R+4,240,
NY-02,Andrew Garbarino,R,"Long Island South Shore: Islip, Massapequa, Brookhaven",R+6,256,
NY-03,Tom Suozzi,D,"Nassau County: Oyster Bay, Great Neck, Huntington",EVEN,214,
NY-04,Laura Gillen,D,"Nassau County: Hempstead, Mineola",D+2,193,
NY-05,Gregory Meeks,D,"Parts of Queens: Jamaica, the Rockaways",D+24,34,
NY-06,Grace Meng,D,"Parts of Queens: Flushing, Elmhurst",D+6,154,
NY-07,Nydia Velázquez,D,"Parts of Brooklyn, Queens: Bushwick, Williamsburg, Long Island City",D+25,29,
NY-08,Hakeem Jeffries,D,"Parts of Brooklyn: Bedford-Stuyvesant, Canarsie",D+24,38,
NY-09,Yvette Clarke,D,"Parts of Brooklyn: Crown Heights, Flatbush, Midwood",D+22,42,
NY-10,Dan Goldman,D,"Lower Manhattan, parts of Brooklyn: Park Slope, Sunset Park",D+32,12,
NY-11,Nicole Malliotakis,R,"Staten Island, parts of Brooklyn: Bay Ridge, Bensonhurst",R+10,310,
NY-12,Jerry Nadler,D,"Manhattan: Midtown, Upper West Side, Upper East Side",D+33,9,
NY-13,Adriano Espaillat,D,"Parts of Manhattan, Bronx: Harlem, Washington Heights",D+32,11,
NY-14,Alexandria Ocasio-Cortez,D,"Parts of Queens, Bronx: Jackson Heights, Parkchester",D+19,64,
NY-15,Ritchie Torres,D,"Parts of the Bronx: South Bronx, Riverdale",D+27,22,
NY-16,George Latimer,D,"Westchester County: Mount Vernon, Yonkers, White Plains",D+18,72,
NY-17,Mike Lawler,R,"Hudson Valley: Rockland County, Peekskill, Cold Spring",D+1,201,
NY-18,Pat Ryan,D,"Hudson Valley: Newburgh, Poughkeepsie, Kingston",D+2,191,
NY-19,Josh Riley,D,"Central Upstate: Binghamton, Ithaca, Hudson",D+1,203,
NY-20,Paul Tonko,D,"Capital region: Albany, Schenectady, Saratoga Springs",D+8,142,
NY-21,Elise Stefanik,R,"North Country: Adirondacks, Plattsburgh, Rome",R+10,303,
NY-22,John Mannion,D,"Central Upstate: Syracuse, Utica, Cortland",D+4,169,
NY-23,Nick Langworthy,R,"Buffalo suburbs and Southern Tier: Jamestown, Elmira",R+10,309,
NY-24,Claudia Tenney,R,"Lake Ontario: Batavia, Oswego, Watertown",R+11,327,
NY-25,Joseph Morelle,D,West: Rochester and suburbs,D+10,134,
NY-26,Tim Kennedy,D,"West: Buffalo, Niagara Falls",D+11,126,
NC-01,Don Davis,D,"Northeast: Rocky Mount, Wilson, Elizabeth City",R+1,221,
NC-02,Deborah Ross,D,"Research Triangle: Raleigh, Cary",D+17,77,
NC-03,Greg Murphy,R,"East: Greenville, Outer Banks, Jacksonville",R+10,314,
NC-04,Valerie Foushee,D,"Research Triangle: Durham, Chapel Hill",D+23,41,
NC-05,Virginia Foxx,R,"Northwest: Mount Airy, Boone, Greensboro",R+9,291,
NC-06,Addison McDowell,R,"West central: Kannapolis, Salisbury, High Point",R+9,290,
NC-07,David Rouzer,R,"Southeast: Wilmington, parts of Fayetteville",R+7,263,
NC-08,Mark Harris,R,"South central: Charlotte exurbs, Lumberton",R+10,298,
NC-09,Richard Hudson,R,"Central: Burlington, Asheboro, Pinehurst",R+8,280,
NC-10,Pat Harrigan,R,"West central: Hickory, Statesville, Winston-Salem",R+9,293,
NC-11,Chuck Edwards,R,"Western North Carolina: Asheville, Hendersonville",R+5,247,
NC-12,Alma Adams,D,Southwest: Charlotte,D+24,32,
NC-13,Brad Knott,R,"Raleigh exurbs: Smithfield, Sanford, Louisburg",R+8,289,
NC-14,Tim Moore,R,"Southwest: Gastonia, Morganton, Huntersville",R+8,279,
ND-AL,Julie Fedorchak,R,Entire state,R+18,394,
OH-01,Greg Landsman,D,Cincinnati and suburbs: Warren County,D+3,179,
OH-02,David Taylor,R,"South: Cincinnati suburbs, Portsmouth",R+24,424,
OH-03,Joyce Beatty,D,"Central: Columbus, Westerville",D+21,53,
OH-04,Jim Jordan,R,"North central: Lima, Marion, Delaware",R+18,395,
OH-05,Bob Latta,R,"Northwest: Bowling Green, Findlay, Lorain",R+14,357,
OH-06,Michael Rulli,R,"East: Youngstown, Steubenville, Marietta",R+16,376,
OH-07,Max Miller,R,"Northeast: Parma, Brunswick, Wooster",R+5,248,
OH-08,Warren Davidson,R,"Southwest: Butler County, Cincinnati suburbs",R+12,335,
OH-09,Marcy Kaptur,D,"Northwest: Toledo, Sandusky",R+3,235,
OH-10,Mike Turner,R,"Southwest: Dayton, Springfield",R+3,232,
OH-11,Shontel Brown,D,Northeast: Cleveland,D+28,19,
OH-12,Troy Balderson,R,"East central: Zanesville, Newark, Athens",R+16,374,
OH-13,Emilia Sykes,D,"Northeast: Akron, Canton",EVEN,208,
OH-14,David Joyce,R,"Northeast: Lake County, Ashtabula, Warren",R+9,292,
OH-15,Mike Carey,R,"Columbus suburbs: Hilliard, Piqua",R+4,242,
OK-01,Kevin Hern,R,Tulsa and suburbs,R+11,322,
OK-02,Josh Brecheen,R,"East: Muskogee, McAlester",R+28,432,
OK-03,Frank Lucas,R,"West: The Panhandle, Stillwater, Enid",R+23,421,
OK-04,Tom Cole,R,"South: Norman, Lawton, Ardmore",R+17,381,
OK-05,Stephanie Bice,R,Oklahoma City and suburbs: Edmond,R+9,294,
OR-01,Suzanne Bonamici,D,Northwest: Portland suburbs,D+20,58,
OR-02,Cliff Bentz,R,"East: Pendleton, Medford",R+14,347,
OR-03,Maxine Dexter,D,"Portland, Hood River",D+24,33,
OR-04,Val Hoyle,D,"Eugene, Corvallis",D+6,152,
OR-05,Janelle Bynum,D,"Portland suburbs, Bend",D+4,166,
OR-06,Andrea Salinas,D,"Portland suburbs, Salem",D+6,155,
PA-01,Brian Fitzpatrick,R,Philadelphia suburbs: Bucks County,D+1,206,
PA-02,Brendan Boyle,D,Northeast Philadelphia,D+19,65,
PA-03,Dwight Evans,D,North and West Philadelphia,D+40,1,
PA-04,Madeleine Dean,D,Philadelphia suburbs: Montgomery County,D+8,137,
PA-05,Mary Gay Scanlon,D,"Delaware County, South Philadelphia",D+15,91,
PA-06,Chrissy Houlahan,D,"Philadelphia exurbs: Chester County, Reading",D+6,153,
PA-07,Ryan MacKenzie,R,"Lehigh Valley: Allentown, Bethlehem, Easton",R+1,223,
PA-08,Rob Bresnahan,R,"Northeast: Scranton, Wilkes-Barre, East Stroudsburg",R+4,237,
PA-09,Dan Meuser,R,"North central: Williamsport, Lebanon, Pottsville",R+19,397,
PA-10,Scott Perry,R,"Central: Harrisburg, York, Carlisle",R+3,230,
PA-11,Lloyd Smucker,R,"South central: Lancaster County, rural York County",R+11,318,
PA-12,Summer Lee,D,Pittsburgh and eastern suburbs: Monroeville,D+10,131,
PA-13,John Joyce,R,"South central: Altoona, Johnstown, Gettysburg",R+23,420,
PA-14,Guy Reschenthaler,R,"Southwest: Washington, Uniontown, Latrobe",R+17,379,
PA-15,Glenn Thompson,R,"North central: State College, Clearfield",R+19,398,
PA-16,Mike Kelly,R,"Northwest: Erie, New Castle, Butler",R+11,325,
PA-17,Chris Deluzio,D,"Pittsburgh suburbs: Mt. Lebanon, Penn Hills, Beaver Falls",D+3,187,
RI-01,Gabe Amo,D,"East: parts of Providence, Pawtucket, Newport",D+12,112,
RI-02,Seth Magaziner,D,"West: parts of Providence, Warwick, Cranston",D+4,168,
SC-01,Nancy Mace,R,"Lowcountry: Charleston, Hilton Head Island",R+6,259,
SC-02,Joe Wilson,R,"Midlands: Columbia suburbs, Aiken",R+7,264,
SC-03,Sheri Biggs,R,"Northwest: Anderson, Greenwood",R+21,408,
SC-04,William Timmons,R,"Upstate: Greenville, Spartanburg",R+11,329,
SC-05,Ralph Norman,R,"North: Rock Hill, Lancaster",R+11,321,
SC-06,Jim Clyburn,D,"Parts of Columbia and Charleston, Sumter",D+13,101,
SC-07,Russell Fry,R,"Northeast: Myrtle Beach, Florence",R+12,340,
SD-AL,Dusty Johnson,R,Entire state,R+15,359,
TN-01,Diana Harshbarger,R,"Northeast: Kingsport, Bristol, Johnson City",R+29,433,
TN-02,Tim Burchett,R,"East: Knoxville, Maryville",R+17,380,
TN-03,Chuck Fleischmann,R,"East: Chattanooga, Oak Ridge",R+18,385,
TN-04,Scott DesJarlais,R,"South central: Murfreesboro, Jasper",R+21,410,
TN-05,Andy Ogles,R,"Central: parts of Nashville, Franklin, Columbia",R+8,284,
TN-06,John Rose,R,"North central: exurban Nashville, Cookeville",R+17,384,
TN-07,Mark Green,R,"West central: parts of Nashville, Clarksville",R+10,313,
TN-08,David Kustoff,R,"West: Memphis suburbs, Jackson",R+21,406,
TN-09,Steve Cohen,D,Memphis and northern suburbs,D+23,40,
TX-01,Nathaniel Moran,R,"Northeast: Tyler, Texarkana",R+25,426,
TX-02,Dan Crenshaw,R,"Houston suburbs: Kingwood, Humble",R+12,338,
TX-03,Keith Self,R,"Dallas suburbs: Plano, McKinney",R+10,297,
TX-04,Pat Fallon,R,"Dallas exurbs: Rockwall, Sherman, Frisco",R+16,370,
TX-05,Lance Gooden,R,"Dallas exurbs: Terrell, Mesquite",R+13,343,
TX-06,Jake Ellzey,R,"Dallas exurbs: Waxahachie, Palestine",R+14,350,
TX-07,Lizzie Fletcher,D,"Houston suburbs: Alief, Gulfton",D+12,115,
TX-08,Morgan Luttrell,R,"Houston exurbs: The Woodlands, Katy",R+16,375,
TX-09,Al Green,D,Houston suburbs: Missouri City,D+24,39,
TX-10,Michael McCaul,R,"Central: College Station, Austin suburbs",R+12,336,
TX-11,August Pfluger,R,"West: Midland, Odessa, Killeen",R+22,416,
TX-12,Craig Goldman,R,Fort Worth suburbs: Weatherford,R+11,320,
TX-13,Ronny Jackson,R,"West: Amarillo, Wichita Falls, Denton",R+24,425,
TX-14,Randy Weber,R,"Southeast: Galveston, Beaumont",R+17,378,
TX-15,Monica De La Cruz,R,"Rio Grande Valley: Edinburg, Alice, Seguin",R+7,270,
TX-16,Veronica Escobar,D,El Paso,D+11,125,
TX-17,Pete Sessions,R,"Central: Waco, Lufkin",R+14,351,
TX-18,Sylvester Turner,D,Downtown Houston,D+21,48,
TX-19,Jodey Arrington,R,"West: Lubbock, Abilene",R+25,427,
TX-20,Joaquin Castro,D,San Antonio,D+12,110,
TX-21,Chip Roy,R,Hill Country: San Antonio and Austin exurbs,R+11,332,
TX-22,Troy Nehls,R,"Houston exurbs: Sugar Land, Rosenberg",R+9,296,
TX-23,Tony Gonzales,R,"Southwest: San Antonio suburbs, Eagle Pass",R+7,267,
TX-24,Beth Van Duyne,R,"Dallas suburbs: Grapevine, Bedford, Park Cities",R+7,274,
TX-25,Roger Williams,R,"Fort Worth exurbs: Granbury, Arlington",R+18,387,
TX-26,Brandon Gill,R,"Denton County: Lewisville, Flower Mound",R+11,326,
TX-27,Michael Cloud,R,"Corpus Christi, Victoria",R+14,353,
TX-28,Henry Cuellar,D,"South: Laredo, San Antonio suburbs",R+2,227,
TX-29,Sylvia Garcia,D,Houston: North and Southeast sides,D+12,107,
TX-30,Jasmine Crockett,D,"Downtown Dallas, DeSoto",D+25,31,
TX-31,John Carter,R,"Austin exurbs: Georgetown, Temple",R+11,331,
TX-32,Julie Johnson,D,"North Dallas: Garland, Richardson",D+13,95,
TX-33,Marc Veasey,D,Parts of Dallas and Ft. Worth,D+19,60,
TX-34,Vicente Gonzalez,D,"Rio Grande Valley: Brownsville, McAllen",EVEN,209,
TX-35,Greg Casar,D,Parts of San Antonio and Austin,D+19,66,
TX-36,Brian Babin,R,"Southeast: Baytown, Woodville",R+18,389,
TX-37,Lloyd Doggett,D,Central: Austin,D+26,28,
TX-38,Wesley Hunt,R,Houston west suburbs: Jersey Village,R+10,308,
UT-01,Blake Moore,R,"North: Ogden, Logan",R+10,311,
UT-02,Celeste Maloy,R,"Southwest: Salt Lake City, St. George",R+10,305,
UT-03,Mike Kennedy,R,"Southeast: Provo, Sandy",R+10,304,
UT-04,Burgess Owens,R,"Salt Lake City suburbs: West Jordan, Spanish Fork",R+14,349,
VT-AL,Becca Balint,D,Entire state,D+17,83,
VA-01,Rob Wittman,R,"Northern Neck, Williamsburg, Richmond suburbs",R+3,234,
VA-02,Jen Kiggans,R,"Tidewater: Virginia Beach, Suffolk, Eastern Shore",EVEN,210,
VA-03,Bobby Scott,D,"Hampton Roads: Newport News, Norfolk",D+18,73,
VA-04,Jennifer McClellan,D,"Central: Richmond, Petersburg",D+17,82,
VA-05,John McGuire,R,"Southside: Danville, Lynchburg, Charlottesville",R+6,257,
VA-06,Ben Cline,R,"Shenandoah Valley: Roanoke, Harrisonburg",R+12,337,
VA-07,Eugene Vindman,D,"Northern Virginia exurbs: Woodbridge, Culpeper, Fredericksburg",D+2,199,
VA-08,Don Beyer,D,"DC Beltway: Arlington, Alexandria",D+26,25,
VA-09,Morgan Griffith,R,"Southwest: Blacksburg, Bristol",R+22,412,
VA-10,Suhas Subramanyam,D,"DC suburbs: Loudoun County, Manassas",D+6,156,
VA-11,Gerry Connolly,D,DC suburbs: Fairfax County,D+18,67,
WA-01,Suzan DelBene,D,"Seattle suburbs: Redmond, Bellevue, Bothell",D+15,89,
WA-02,Rick Larsen,D,"Northwest: Bellingham, Everett",D+12,113,
WA-03,Marie Gluesenkamp Perez,D,"Southwest: Vancouver, Longview, Centralia",R+2,226,
WA-04,Dan Newhouse,R,"Central: Yakima, Tri-Cities",R+10,307,
WA-05,Michael Baumgartner,R,"Eastern Washington: Spokane, Walla Walla",R+5,254,
WA-06,Emily Randall,D,"Bremerton, Olympic Peninsula, parts of Tacoma",D+10,133,
WA-07,Pramila Jayapal,D,Seattle,D+39,3,
WA-08,Kim Schrier,D,"Seattle exurbs: Issaquah, Sammamish, Wenatchee",D+3,183,
WA-09,Adam Smith,D,"Seattle suburbs: Renton, Kent, Auburn",D+22,45,
WA-10,Marilyn Strickland,D,"Olympia, Puyallup, parts of Tacoma",D+9,135,
WV-01,Carol Miller,R,"South: Charleston, Huntington, Beckley",R+22,414,
WV-02,Riley Moore,R,"North: Wheeling, Morgantown, Eastern Panhandle",R+20,403,
WI-01,Bryan Steil,R,"Southeast: Racine, Kenosha, Janesville",R+2,228,
WI-02,Mark Pocan,D,South central: Madison,D+21,55,
WI-03,Derrick Van Orden,R,"West: La Crosse, Eau Claire, Stevens Point",R+3,236,
WI-04,Gwen Moore,D,Southeast: Milwaukee,D+26,24,
WI-05,Scott Fitzgerald,R,"Southeast: Milwaukee suburbs, Waukesha",R+11,328,
WI-06,Glenn Grothman,R,"East central: Oshkosh, Sheboygan, Fond du Lac",R+8,285,
WI-07,Tom Tiffany,R,"Northwest: Superior, Wausau, Rhinelander",R+11,324,
WI-08,Tony Wied,R,"Northeast: Green Bay, Appleton",R+8,282,
WY-AL,Harriet Hageman,R,Entire state,R+23,422,